Level,Angle,Score,State,Pigs,
1,0.008726646259971648,0,PLAYING,543.0,296.0,
1,0.017453292519943295,0,PLAYING,542.5,295.0,
1,0.026179938779914945,0,PLAYING,543.0,296.0,
1,0.03490658503988659,0,PLAYING,543.0,296.0,
