Level,Angle,Score,State,Pigs,
4,1.2658895085468247,1310,PLAYING,579.0,356.0,
4,0.2829549124522602,2390,PLAYING,579.0,356.0,
4,1.2674298092904235,19370,PLAYING,579.0,356.0,
4,nan,140670,WON,SlingEmpty,
