Level,Angle,Score,State,Pigs,
7,1.0358982428075645,7520,PLAYING,564.5,275.5,638.0,275.5,599.5,316.0,
7,0.6510090120532908,14560,PLAYING,560.5,276.5,598.5,314.5,
7,0.5582199526910481,15730,PLAYING,598.0,315.5,
7,0.5701562089054127,17050,PLAYING,599.5,315.5,
7,0.5830447859636896,-1,PLAYING,599.5,315.5,
7,nan,nan,LOST,413.0,250.5,SlingEmpty,
7,1.1295270757441322,6630,PLAYING,564.0,275.5,638.0,275.5,599.5,316.0,
7,0.5646701950386572,9530,PLAYING,642.5,275.5,599.5,315.5,
7,0.9505468408120751,15470,PLAYING,647.0,274.5,603.0,314.0,
7,0.5517721883414186,18380,PLAYING,602.5,314.0,
7,0.5815510801545989,-1,PLAYING,603.0,314.0,
7,nan,nan,LOST,413.0,250.5,SlingEmpty,
7,0.6306354856028055,11200,PLAYING,564.0,275.5,638.0,275.5,599.5,316.0,
7,0.5612498203068013,12460,PLAYING,599.5,315.5,
7,0.5880026035475675,13740,PLAYING,599.0,315.5,
7,1.1175400304127907,15180,PLAYING,599.5,315.5,
7,1.1191481418438518,-1,LOST,599.5,314.5,
7,0.995696233025367,7840,PLAYING,564.0,275.5,638.0,275.5,599.5,316.0,
7,1.0975566858441026,14420,PLAYING,561.5,275.5,599.5,315.5,
7,0.5220279506490343,15500,PLAYING,599.5,315.5,
7,0.5532943253222926,-1,PLAYING,599.5,315.5,
7,nan,nan,LOST,413.0,250.5,SlingEmpty,
7,0.5364354576047312,6160,PLAYING,564.0,275.5,638.0,275.5,599.5,316.0,
7,0.5180374672506243,7460,PLAYING,638.0,275.5,599.5,315.0,
7,0.7247132734797131,16210,PLAYING,639.5,276.0,599.5,315.0,
7,0.5468552066974854,243040,nan,22680,WON,599.5,315.0,
