Level,Angle,Score,State,Pigs,
2,1.1495942515940503,6060,PLAYING,652.0,295.5,509.5,318.0,548.0,318.0,589.5,318.0,
2,0.304840000685175,52470,PLAYING,509.5,318.0,548.0,318.0,589.5,318.0,
2,nan,80700,WON,PigEmpty,
