Level,Angle,Score,State,Pigs,
6,1.1496440000715595,1070,PLAYING,628.0,301.0,560.0,344.0,
6,0.5663385416741284,2190,PLAYING,626.0,301.0,560.0,344.0,
6,0.5258771863374648,8390,PLAYING,618.5,300.0,561.0,344.0,
6,0.34268147468066723,15110,PLAYING,560.5,344.0,
6,nan,220360,WON,SlingEmpty,
