Level,Angle,Score,State,Pigs,
9,1.0548708133296119,6540,PLAYING,564.5,318.5,657.5,318.5,611.5,358.5,
9,1.0005928904760295,7650,PLAYING,563.0,318.5,657.0,318.5,
9,0.5864311014363153,9920,PLAYING,647.5,317.5,563.5,319.0,
9,0.4619584214182359,24760,PLAYING,562.5,319.0,658.0,318.5,
9,nan,315710,WON,SlingEmpty,
